scope,swc,tp,fp,tn,fn,precision,recall,f1,accuracy,other_rate
overall,ALL,9,32,137,35,0.219512,0.204545,0.211764,0.685446,0.704225
per_swc,SWC-101,8,28,129,35,0.222222,0.186047,0.202532,0.685,0.71
per_swc,SWC-105,1,0,2,0,1.0,1.0,1.0,1.0,0.666667
per_swc,SWC-106,0,1,2,0,0.0,0.0,0.0,0.666667,0.666667
per_swc,SWC-107,0,3,1,0,0.0,0.0,0.0,0.25,0.25
per_swc,SWC-115,0,0,3,0,0.0,0.0,0.0,1.0,1.0
