scope,swc,tp,fp,tn,fn,precision,recall,f1,accuracy,other_rate
overall,ALL,31,92,77,13,0.252033,0.704545,0.371258,0.507042,0.309859
per_swc,SWC-101,30,89,68,13,0.252101,0.697674,0.37037,0.49,0.3
per_swc,SWC-105,1,1,1,0,0.5,1.0,0.666667,0.666667,0.333333
per_swc,SWC-106,0,0,3,0,0.0,0.0,0.0,1.0,0.333333
per_swc,SWC-107,0,2,2,0,0.0,0.0,0.0,0.5,0.5
per_swc,SWC-115,0,0,3,0,0.0,0.0,0.0,1.0,0.666667
