scope,swc,tp,fp,tn,fn,precision,recall,f1,accuracy,other_rate
overall,ALL,2,4,165,42,0.333333,0.045455,0.080001,0.784038,0.962441
per_swc,SWC-101,2,4,153,41,0.333333,0.046512,0.081633,0.775,0.97
per_swc,SWC-105,0,0,2,1,0.0,0.0,0.0,0.666667,0.666667
per_swc,SWC-106,0,0,3,0,0.0,0.0,0.0,1.0,0.666667
per_swc,SWC-107,0,0,4,0,0.0,0.0,0.0,1.0,1.0
per_swc,SWC-115,0,0,3,0,0.0,0.0,0.0,1.0,1.0
